﻿{
  "version": "20251227",
  "data": [
    {
      "name": "InitZone",
      "cn": "0x0242",
      "cnl": 168,
      "global": "0x01f5",
      "globall": 168
    },
    {
      "name": "FateInfo",
      "cn": "0x038A",
      "cnl": 56,
      "global": "0xf009",
      "globall": 56
    },
    {
      "name": "ActorControlSelf",
      "cn": "0x0347",
      "cnl": 72,
      "global": "0x012C",
      "globall": 72,
      "types": {
        "FateStart": 2370,
        "FateEnd": 2357,
        "FateProgress": 2364
      }
    }
  ]
}
