{
  "version": "20250922",
  "data": [
    {
      "code": 2,
      "name": {
        "chs": "重生之境（2.0）"
      }
    },
    {
      "code": 3,
      "name": {
        "chs": "苍穹之禁城（3.0）"
      }
    },
    {
      "code": 4,
      "name": {
        "chs": "红莲之狂潮（4.0）"
      }
    },
    {
      "code": 5,
      "name": {
        "chs": "暗影之逆焰（5.0）"
      }
    },
    {
      "code": 6,
      "name": {
        "chs": "晓月之终途（6.0）"
      }
    },
    {
      "code": 7,
      "name": {
        "chs": "金曦之遗辉（7.0）"
      }
    },
    {
      "code": 99,
      "name": {
        "chs": "未知版本"
      }
    }
  ]
}
