﻿{
  "version": "20240927",
  "data": [
    {
      "group": "bozja",
      "name": "南方博兹雅战线",
      "subGroups": [
        {
          "group": "bozjalow",
          "name": "南部堑壕区（低层）",
          "items": [
            "1597",
            "1598",
            "1599",
            "1600",
            "1601",
            "1602",
            "1603",
            "1604",
            "1605",
            "1606"
          ]
        },
        {
          "group": "bozjamid",
          "name": "博兹雅旧市街遗迹（中层）",
          "items": [
            "1607",
            "1608",
            "1609",
            "1610",
            "1611",
            "1612",
            "1613",
            "1614",
            "1615",
            "1616"
          ]
        },
        {
          "group": "bozjahi",
          "name": "阿拉木特城下（高层）",
          "items": [
            "1617",
            "1618",
            "1619",
            "1620",
            "1621",
            "1622",
            "1623",
            "1624",
            "1625",
            "1626",
            "1627",
            "1628"
          ]
        }
      ]
    },
    {
      "group": "zadnor",
      "name": "扎杜诺尔高原",
      "subGroups": [
        {
          "group": "zadnorlow",
          "name": "南部台地（低层）",
          "items": [
            "1717",
            "1718",
            "1719",
            "1720",
            "1721",
            "1722",
            "1723",
            "1724"
          ]
        },
        {
          "group": "zadnormid",
          "name": "西部台地（中层）",
          "items": [
            "1725",
            "1726",
            "1727",
            "1728",
            "1729",
            "1730",
            "1731",
            "1732"
          ]
        },
        {
          "group": "zadnorhi",
          "name": "北部台地（高层）",
          "items": [
            "1733",
            "1734",
            "1735",
            "1736",
            "1737",
            "1738",
            "1739",
            "1740",
            "1741",
            "1742"
          ]
        }
      ]
    },
    {
      "group": "ulkwindy",
      "name": "优雷卡常风之地",
      "items": [
        "1328",
        "1329",
        "1331",
        "1332",
        "1333",
        "1334",
        "1335",
        "1336",
        "1337",
        "1338",
        "1339",
        "1340",
        "1341",
        "1342",
        "1343",
        "1344",
        "1345",
        "1346",
        "1347",
        "1348"
      ]
    },
    {
      "group": "ulkicy",
      "name": "优雷卡恒冰之地",
      "items": [
        "1367",
        "1368",
        "1351",
        "1352",
        "1353",
        "1354",
        "1355",
        "1356",
        "1357",
        "1358",
        "1359",
        "1360",
        "1361",
        "1362",
        "1363",
        "1364",
        "1365",
        "1366",
        "1369"
      ]
    },
    {
      "group": "ulkfiery",
      "name": "优雷卡涌火之地",
      "items": [
        "1407",
        "1408",
        "1388",
        "1389",
        "1390",
        "1391",
        "1392",
        "1393",
        "1394",
        "1395",
        "1396",
        "1397",
        "1398",
        "1399",
        "1400",
        "1401",
        "1402",
        "1403",
        "1404"
      ]
    },
    {
      "group": "ulkwatery",
      "name": "优雷卡丰水之地",
      "items": [
        "1425",
        "1422",
        "1412",
        "1413",
        "1414",
        "1415",
        "1416",
        "1417",
        "1418",
        "1419",
        "1420",
        "1421",
        "1423",
        "1424"
      ]
    },
    {
      "group": "odin",
      "name": "奥丁",
      "items": [
        "196",
        "197",
        "198",
        "199",
        "200",
        "201",
        "202",
        "203",
        "204",
        "205",
        "206",
        "207" // Odins
      ]
    },
    {
      "group": "behemoth",
      "name": "贝希摩斯",
      "items": [
        "505",
        "506" // Behemoth
      ]
    },
    {
      "group": "moonlight",
      "name": "夜光花",
      "items": [
        "877",
        "878",
        "879" // Moonlight Prey
      ]
    },
    {
      "group": "leopord",
      "name": "女王豹",
      "items": [
        "902",
        "903",
        "904",
        "905",
        "906",
        "907" // Leopord
      ]
    },
    {
      "group": "ixion",
      "name": "雷马",
      "items": [
        "1103",
        "1104",
        "1105" // Ixion
      ]
    },
    {
      "group": "fox",
      "name": "玉藻御前",
      "items": [
        "1106",
        "1107",
        "1108" // Fox
      ]
    },
    {
      "group": "melon",
      "name": "海瓜地瓜",
      "items": [
        "1432",
        "1464",
        "1763",
        "1855" // Melons
      ]
    },
    {
      "group": "tv",
      "name": "大象小电视",
      "items": [
        "1763",
        "1855"
      ]
    },
    {
      "group": "snakesqurill",
      "name": "蛇鼠一家",
      "items": [
        "1871",
        "1922"
      ]
    },
    {
      "group": "spachieve",
      "name": "其他成就fate",
      "subGroups": [
        {
          "group": "achcom",
          "name": "普通地图成就fate",
          "subGroups": [
            {
              "group": "achcom2",
              "name": "重生之境（2.0）",
              "items": [
                "218",
                "647",
                "335",
                "507"
              ]
            },
            {
              "group": "achcom3",
              "name": "苍穹之禁城（3.0）",
              "items": [
                "793",
                "855",
                "838"
              ]
            },
            {
              "group": "achcom4",
              "name": "红莲之狂潮（4.0）",
              "items": [
                "1129",
                "1277",
                "1172",
                "1238",
                "1267"
              ]
            }
          ]
        },
        {
          "group": "achser",
          "name": "系列fate（全部）（触发用）",
          "subGroups": [
            {
              "group": "achser2",
              "name": "重生之境（2.0）",
              "subGroups": [
                {
                  "group": "achser21",
                  "name": "红腹蜂巢",
                  "items": [
                    "159",
                    "160",
                    "161",
                    "162"
                  ]
                },
                {
                  "group": "achser22",
                  "name": "跨天桥上的死斗",
                  "items": [
                    "191",
                    "192",
                    "193",
                    "195",
                    "194"
                  ]
                },
                {
                  "group": "achser23",
                  "name": "振兴贫女材场",
                  "items": [
                    "451",
                    "452",
                    "453",
                    "454"
                  ]
                },
                {
                  "group": "achser24",
                  "name": "斯瓦拉",
                  "items": [
                    "501",
                    "502",
                    "503",
                    "504"
                  ]
                },
                {
                  "group": "achser25",
                  "name": "救世神的活祭",
                  "items": [
                    "643",
                    "644",
                    "645",
                    "646"
                  ]
                }
              ]
            },
            {
              "group": "achser3",
              "name": "苍穹之禁城（3.0）",
              "subGroups": [
                {
                  "group": "achser31",
                  "name": "3号哥布林装甲J型",
                  "items": [
                    "756",
                    "757",
                    "758"
                  ]
                },
                {
                  "group": "achser32",
                  "name": "翻云雾海的黑与白",
                  "items": [
                    "872",
                    "873",
                    "874",
                    "868",
                    "869",
                    "870",
                    "871"
                  ]
                }
              ]
            },
            {
              "group": "achser4",
              "name": "红莲之狂潮（4.0）",
              "subGroups": [
                {
                  "group": "achser41",
                  "name": "洪巴巴",
                  "items": [
                    "1205",
                    "1194"
                  ]
                },
                {
                  "group": "achser42",
                  "name": "答塔克的旅程",
                  "items": [
                    "1306",
                    "1307",
                    "1308",
                    "1309",
                    "1310",
                    "1311",
                    "1312",
                    "1313",
                    "1315",
                    "1316",
                    "1318",
                    "1319",
                    "1320"
                  ]
                },
                {
                  "group": "achser43",
                  "name": "玉藻御前",
                  "items": [
                    "1111",
                    "1110",
                    "1109",
                    "1106",
                    "1107",
                    "1108"
                  ]
                }
              ]
            },
            {
              "group": "achser5",
              "name": "暗影之逆焰（5.0）",
              "subGroups": [
                {
                  "group": "achser51",
                  "name": "与紫叶团的战斗",
                  "items": [
                    "1496",
                    "1497",
                    "1500",
                    "1501",
                    "1502",
                    "1503",
                    "1504"
                  ]
                },
                {
                  "group": "achser52",
                  "name": "小顽童代恩兄弟",
                  "items": [
                    "1480",
                    "1531",
                    "1481",
                    "1532",
                    "1482",
                    "1533",
                    "1483",
                    "1484",
                    "1485",
                    "1486",
                    "1487"
                  ]
                },
                {
                  "group": "achser53",
                  "name": "拾荒者与寻求者",
                  "items": [
                    "1511",
                    "1512",
                    "1513",
                    "1514",
                    "1515",
                    "1516",
                    "1517",
                    "1518"
                  ]
                },
                {
                  "group": "achser54",
                  "name": "缅楠的工作",
                  "items": [
                    "1441",
                    "1442",
                    "1443",
                    "1444",
                    "1445",
                    "1446",
                    "1529",
                    "1530"
                  ]
                },
                {
                  "group": "achser55",
                  "name": "激斗畏惧装甲",
                  "items": [
                    "1462",
                    "1463",
                    "1464"
                  ]
                },
                {
                  "group": "achser56",
                  "name": "灾厄的古塔尼亚",
                  "items": [
                    "1426",
                    "1427",
                    "1428",
                    "1429",
                    "1430",
                    "1431",
                    "1432"
                  ]
                }
              ]
            },
            {
              "group": "achser6",
              "name": "晓月之终途（6.0）",
              "subGroups": [
                {
                  "group": "achser61",
                  "name": "兽道诸神信仰",
                  "items": [
                    "1772",
                    "1779",
                    "1763"
                  ]
                },
                {
                  "group": "achser62",
                  "name": "侵略兵器召回指令",
                  "items": [
                    "1843",
                    "1844",
                    "1855"
                  ]
                }
              ]
            },
            {
              "group": "achser7",
              "name": "金曦之遗辉（7.0）",
              "subGroups": [
                {
                  "group": "achser71",
                  "name": "蛇王得酷热涅",
                  "items": [
                    "1867",
                    "1868",
                    "1869",
                    "1870",
                    "1871"
                  ]
                },
                {
                  "group": "achser72",
                  "name": "亩鼠米卡",
                  "items": [
                    "1920",
                    "1921",
                    "1922"
                  ]
                }
              ]
            }
          ]
        },
        {
          "group": "achsera",
          "name": "系列成就fate（只含有成就）",
          "items": [
            "160",
            "161",
            "162",
            "194",
            "453",
            "503",
            "504",
            "646",
            "758",
            "870",
            "871",
            "1194",
            "1320",
            "1504",
            "1487",
            "1518",
            "1530"
          ]
        }
      ]
    },

    {
      "group": "spaward",
      "name": "稀有奖励fate",
      "items": [
        "758",
        "870",
        "871",
        "1194",
        "1320"
      ]
    },
    {
      "group": "zodiac",
      "name": "上古武器 -- 古武相关",
      "subGroups": [
        {
          "group": "fireo",
          "name": "火天文书 第一卷",
          "items": [
            "480",
            "589",
            "610",
            "611"
          ]
        },
        {
          "group": "firet",
          "name": "火天文书 第二卷",
          "items": [
            "571",
            "570",
            "424",
            "633"
          ]
        },
        {
          "group": "fireth",
          "name": "火狱文书 第一卷",
          "items": [
            "521",
            "620",
            "430"
          ]
        },
        {
          "group": "watero",
          "name": "水天文书 第一卷",
          "items": [
            "475",
            "577",
            "540"
          ]
        },
        {
          "group": "watert",
          "name": "水天文书 第二卷",
          "items": [
            "569",
            "568",
            "516",
            "616"
          ]
        },
        {
          "group": "waterth",
          "name": "水狱文书 第一卷",
          "items": [
            "632",
            "642",
            "499"
          ]
        },
        {
          "group": "windo",
          "name": "风天文书 第一卷",
          "items": [
            "317",
            "604",
            "517"
          ]
        },
        {
          "group": "windt",
          "name": "风天文书 第二卷",
          "items": [
            "552",
            "486",
            "628"
          ]
        },
        {
          "group": "eartho",
          "name": "土天文书 第一卷",
          "items": [
            "493",
            "587",
            "543"
          ]
        }
      ]
    }
  ]
}
