{
    "Author": "Usagi, Latihas",
    "Name": "IINACTEx",
    "Punchline": "一个解析插件",
    "AssemblyVersion": "7.4.0.1",
    "RepoUrl": "https://github.com/Latihas/IINACTEx",
    "Description": "该插件会在一个类ACT的环境下运行FFXIV_ACT_Plugin与大量修改的Overlay Plugin以适配现代.NET。与此同时，也添加了大量修改的Triggernometry与Postnamazu。包括类ACT、Triggernometry、Postnamazu在内，这些并非完整的代码移植，并且仍在开发完善中，可能缺少部分原版的函数，开发时请注意。",
    "InternalName": "IINACTEx",
    "ApplicableVersion": "2025.12.09.0000.0000",
    "Tags": [
        "parsing",
        "plugin",
        "ACT"
    ],
    "IconUrl": "https://raw.githubusercontent.com/marzent/IINACT/master/images/icon.png",
    "DownloadLinkInstall": "https://raw.githubusercontent.com/Latihas/dalamud-plugins/main/IINACTEx.zip",
    "DownloadLinkTesting": "https://raw.githubusercontent.com/Latihas/dalamud-plugins/main/IINACTEx.zip",
    "DownloadLinkUpdate": "https://raw.githubusercontent.com/Latihas/dalamud-plugins/main/IINACTEx.zip",
    "AcceptsFeedback": true,
    "DalamudApiLevel": 14,
    "LoadRequiredState": 0,
    "LoadSync": false,
    "CanUnloadAsync": false,
    "LoadPriority": 0
}
