{
  "Author": "Usagi, Latihas",
  "Name": "IINACTEx",
  "InternalName": "IINACT",
  "AssemblyVersion": "2.9.4.5",
  "Description": "该插件会在一个类ACT的环境下运行FFXIV_ACT_Plugin与大量修改的Overlay Plugin以适配现代.NET。与此同时，也添加了大量修改的Triggernometry与Postnamazu。包括类ACT、Triggernometry、Postnamazu在内，这些并非完整的代码移植，并且仍在开发完善中，可能缺少部分原版的函数，开发时请注意。",
  "ApplicableVersion": "2025.10.23.0000.0000",
  "RepoUrl": "https://github.com/marzent/IINACT",
  "Tags": [
    "parsing",
    "plugin",
    "ACT"
  ],
  "DalamudApiLevel": 13,
  "LoadRequiredState": 0,
  "LoadSync": false,
  "CanUnloadAsync": false,
  "LoadPriority": 0,
  "IconUrl": "https://raw.githubusercontent.com/marzent/IINACT/master/images/icon.png",
  "Punchline": "一个解析插件",
  "AcceptsFeedback": true
}