{
    "Author": "Taurenkey (Puni.sh)",
    "Name": "Artisan",
    "Punchline": "A 'simple' crafting plugin.",
    "Description": "The all-in-one crafting plugin.",
    "InternalName": "Artisan",
    "ApplicableVersion": "any",
    "IconUrl": "https://s3.puni.sh/media/plugin/6/icon-3h8wd5b9qr.png",
    "Tags": [
        "crafting"
    ],
    "RepoUrl": "https://github.com/PunishXIV/Artisan",
    "DalamudApiLevel": 14,
    "DownloadLinkTesting": "https://love.puni.sh/plugins/Artisan/Testing/latest.zip",
    "ChangeLog":  "- More Raphael tweaks."
}
