{
	"Author": "Latihas",
	"Name": "LatihasExport",
	"InternalName": "LatihasExport",
	"AssemblyVersion": "1.2.1.0",
	"Description": "自用收集工具",
	"ApplicableVersion": "any",
	"Tags": [],
	"DalamudApiLevel": 13,
	"LoadRequiredState": 0,
	"LoadSync": false,
	"CanUnloadAsync": false,
	"LoadPriority": 0,
	"IconUrl": "",
	"Punchline": "自用收集工具",
	"AcceptsFeedback": true,
	"RepoUrl": "https://github.com/Latihas/LatihasExport",
	"DownloadLinkInstall": "https://raw.githubusercontent.com/Latihas/dalamud-plugins/main/LatihasExport.zip",
	"DownloadLinkTesting": "https://raw.githubusercontent.com/Latihas/dalamud-plugins/main/LatihasExport.zip",
	"DownloadLinkUpdate": "https://raw.githubusercontent.com/Latihas/dalamud-plugins/main/LatihasExport.zip"
}