{
	"Author": "Latihas",
	"Name": "LatihasChocobo",
	"InternalName": "LatihasChocobo",
	"AssemblyVersion": "1.0.0.0",
	"Description": "陆行鸟竞赛自动化",
	"ApplicableVersion": "any",
	"Tags": [],
	"DalamudApiLevel": 13,
	"LoadRequiredState": 0,
	"LoadSync": false,
	"CanUnloadAsync": false,
	"LoadPriority": 0,
	"IconUrl": "",
	"Punchline": "陆行鸟竞赛自动化",
	"AcceptsFeedback": true,
	"RepoUrl": "https://github.com/Latihas/LatihasChocobo",
	"DownloadLinkInstall": "https://raw.githubusercontent.com/Latihas/dalamud-plugins/main/LatihasChocobo.zip",
	"DownloadLinkTesting": "https://raw.githubusercontent.com/Latihas/dalamud-plugins/main/LatihasChocobo.zip",
	"DownloadLinkUpdate": "https://raw.githubusercontent.com/Latihas/dalamud-plugins/main/LatihasChocobo.zip"
}