{
	"Author": "Latihas",
	"Name": "LatihasChocobo",
	"InternalName": "LatihasChocobo",
	"AssemblyVersion": "7.4.0.1",
	"Description": "陆行鸟竞赛自动化",
	"ApplicableVersion": "any",
	"Tags": [],
	"DalamudApiLevel": 14,
	"LoadRequiredState": 0,
	"LoadSync": false,
	"CanUnloadAsync": false,
	"LoadPriority": 0,
	"IconUrl": "",
	"Punchline": "陆行鸟竞赛自动化",
	"AcceptsFeedback": true,
	"RepoUrl": "https://github.com/Latihas/LatihasChocobo",
	"DownloadLinkInstall": "https://raw.githubusercontent.com/Latihas/dalamud-plugins/main/LatihasChocobo.zip",
	"DownloadLinkTesting": "https://raw.githubusercontent.com/Latihas/dalamud-plugins/main/LatihasChocobo.zip",
	"DownloadLinkUpdate": "https://raw.githubusercontent.com/Latihas/dalamud-plugins/main/LatihasChocobo.zip",
	"ChangeLog": "支持7.40p2。有问题请提issue，开发者几乎不看Discord。"
}