{
  "Author": "iVeigar，Dragonw233(魔改，修复，添加功能)",
  "Name": "BAHelper",
  "InternalName": "BAHelper",
  "AssemblyVersion": "1.3.1.2",
  "Description": " 这是一个兵武塔的辅助插件，有一些实用功能\n\n - 自动上盾\n - 绘制陷阱\n - 全局人员监控\n 以及一些魔改小功能",
  "ApplicableVersion": "any",
  "RepoUrl": "https://github.com/iVeigar/BAHelper",
  "Tags": [
    "Eureka"
  ],
  "CategoryTags": [
    "utility"
  ],
  "DalamudApiLevel": 13,
  "LoadRequiredState": 0,
  "LoadSync": false,
  "CanUnloadAsync": false,
  "LoadPriority": 0,
  "ImageUrls": [
    ""
  ],
  "IconUrl": "https://raw.githubusercontent.com/iVeigar/MyDalamudPlugins/master/plugins/BAHelper/images/icon.png",
  "Punchline": "QoL for the Baldesion Arsenal",
  "Changelog": "",
  "AcceptsFeedback": true
}