{
	"Author": "Latihas",
	"Name": "SkyEye",
	"InternalName": "SkyEye",
	"AssemblyVersion": "7.3.3.9",
	"Description": "改版SkyEye",
	"ApplicableVersion": "any",
	"Tags": [],
	"DalamudApiLevel": 13,
	"LoadRequiredState": 0,
	"LoadSync": false,
	"CanUnloadAsync": false,
	"LoadPriority": 0,
	"IconUrl": "",
	"Punchline": "ULK工具（也可以干别的）",
	"AcceptsFeedback": true,
	"RepoUrl": "https://github.com/Latihas/SkyEye",
	"DownloadLinkInstall": "https://raw.githubusercontent.com/Latihas/dalamud-plugins/main/SkyEye.zip",
	"DownloadLinkTesting": "https://raw.githubusercontent.com/Latihas/dalamud-plugins/main/SkyEye.zip",
	"DownloadLinkUpdate": "https://raw.githubusercontent.com/Latihas/dalamud-plugins/main/SkyEye.zip"
}