﻿[
  {"Id": 24015, "Name": "术士的记忆"},
  {"Id": 24016, "Name": "斗士的记忆"},
  {"Id": 24017, "Name": "重骑兵的记忆"},
  {"Id": 24018, "Name": "守护者的记忆"},
  {"Id": 24019, "Name": "祭司的记忆"},
  {"Id": 24020, "Name": "武人的记忆"},
  {"Id": 24021, "Name": "英杰的加护"},
  {"Id": 24022, "Name": "文理护盾"},
  {"Id": 24023, "Name": "文理魔盾"},
  {"Id": 24024, "Name": "文理麻痹"},
  {"Id": 24025, "Name": "文理飘羽步"},
  {"Id": 24026, "Name": "文理精神镖"},
  {"Id": 24027, "Name": "文理驱魔"},
  {"Id": 24028, "Name": "文理虚枪"},
  {"Id": 24029, "Name": "文理潜行"},
  {"Id": 24030, "Name": "文理后跳"},
  {"Id": 24031, "Name": "文理镇定"},
  {"Id": 24032, "Name": "文理浴血"},
  {"Id": 24033, "Name": "文理治疗"},
  {"Id": 24034, "Name": "文理救疗"},
  {"Id": 24035, "Name": "文理石肤"},
  {"Id": 24036, "Name": "文理康复"},
  {"Id": 24037, "Name": "文理激怒"},
  {"Id": 24038, "Name": "文理复活"},
  {"Id": 24810, "Name": "盗贼的记忆"},
  {"Id": 24811, "Name": "文理锐眼追击"},
  {"Id": 24812, "Name": "文理双刃剑"},
  {"Id": 24813, "Name": "文理魔法爆发"}
]
