{
  "Author": "apetih, Dragonw2333",
  "Name": "Logogram Helper Ex (CN)",
  "InternalName": "LogogramHelperEx",
  "AssemblyVersion": "1.2.4.1",
  "Description": "提供Eureka文理合成预设功能，支持预设一键提取并合成（实验性，仅支持国服）",
  "ApplicableVersion": "any",
  "RepoUrl": "https://github.com/iVeigar/LogogramHelperEx",
  "Tags": [
    "eureka",
    "logograms"
  ],
  "CategoryTags": [
    "utility"
  ],
  "DalamudApiLevel": 13,
  "LoadRequiredState": 0,
  "LoadSync": false,
  "CanUnloadAsync": false,
  "LoadPriority": 0,
  "ImageUrls": [
    ""
  ],
  "IconUrl": "https://raw.githubusercontent.com/iVeigar/LogogramHelperEx/master/res/img/logoslogo.png",
  "Punchline": "Helper plugin for Eureka's Logos Actions.",
  "Changelog": "",
  "AcceptsFeedback": true
}